{
  "session_id": 1777210704,
  "timestamp": "1777210704735182501",
  "accelerometer": {
    "bias": [-0.016807, -0.011992, -0.017946],
    "scale": [9.857767, 9.840702, 9.803889]
  },
  "gyroscope": {
    "bias": [4.769712, 2.128350, 1.995788]
  },
  "magnetometer": {
    "hard_iron_bias": [0.200830, -0.095480, -0.130760],
    "soft_iron_scale": [1.000000, 1.000000, 1.000000]
  },
  "environmental": {
    "baseline_pressure_hpa": 977.186157,
    "baseline_temperature_c": 33.670868
  }
}
